path	present_workspace	present_snapshot	workspace_differs	bytes	lines	sha256	content_kind	scan_class
.claude/settings.json	true	true	false	81	5	af48c05fba0095e1ac0e00a78f735749d73c6416e2a526caa07d63e14c948993	text	config
.env.example	true	true	false	9012	195	a3f09d3a328f6ef53e8b281416c918fea94d5c35eca29460bcdbc7d44157a118	text	text-support
.github/pull_request_template.md	true	false	false	1066	33	c96a435ac8e36e2e82608fac5cdb681e509507ae3442b476ea94f491df514faa	text	workspace-only-excluded:text-support
.github/workflows/ci.yml	true	true	false	457	25	ff7b31668581a20b981320066c81f4f835b4948750622ebd840b6eba5b93233e	text	config
.github/workflows/compliance.yml	true	true	false	2697	48	480da22f7cfdde20d7d0798f6944cbc5dfd3c9c64f01f1c21fe915d2cd1525f0	text	config
.github/workflows/coverage.yml	true	true	false	1812	59	eea817b57e597c69d46112199c0b130cdd9b6d112781f2357852a952ed158d85	text	config
.github/workflows/pr-template-lint.yml	true	false	false	2177	58	820c741f3a7079d35cdf524f0efdd8811636ca401f59cc7691b83a735d27ff90	text	workspace-only-excluded:config
.gitignore	true	true	false	442	20	5260a84ed130659bd95cd90e0a661b12570bdd643799d0cd9a8532ad8fa22133	text	text-support
AGENTS.md	true	true	false	9381	247	a2da5eabe57cad1b3a86d4f18793f87af686fbb5018239499774f56c6eed77cc	text	text-support
CLAUDE.md	true	true	false	11092	159	b3dae7ceacd92f5aaacf35770941887385fa0bcd2b040383ba258bd57805e4b1	text	text-support
Cargo.lock	true	true	false	176213	7256	734bfc8fdf94168d75024fed4ea7a705ac6110bdcf96f8bcf32ab67926019eab	text	text-support
Cargo.toml	true	true	false	2778	84	3130ee202e9e9c24b7f3494862565bcf841f53a2788e63ded2a540eaf8632267	text	config
benches/intraday_tick.rs	true	true	false	4105	111	be0f03c38caf32f6f583cf517ed2dee988bc1617a6f7adf52596ea1414cd97cc	text	rust
config/chain.toml	true	true	false	55857	1340	fda5cbb49bc385d6fb5e06b439dcd6c8f3f1f9ea53e4001eebac3675cc540bae	text	config
config/strategy.toml	true	true	false	9803	171	b8ee19cac07eb6bf5811b6e02db6c5b735863edd309b2f830a8e77bb9b611b0c	text	config
deploy/grafana_dashboard.json	true	true	false	4738	176	4ed1ca11fd1b435810f260e2a9b4b42a80bb3896453af3c04b9cf69291efd0c8	text	config
diesel.toml	true	true	false	244	9	c6ab445dd14e3eb83ec7b8436a79be4c244b9c63eb226cd524333ba683916bad	text	config
migrations/v10-p0-1-virtual-reason/down.sql	true	true	false	978	18	f93eb110b5493e0b5681c7b19b7c1bda0f67827ea37078e1de643b3655cced96	text	migration
migrations/v10-p0-1-virtual-reason/up.sql	true	true	false	1710	32	1a1225e51be798477872dbd5f78dc2534aa9a3b2d3a52e0fde1563ba90f47881	text	migration
migrations/v12-p0-paper-and-adjust/down.sql	true	true	false	744	20	1da72cedaf8208e2c736d4dd98e29a8afe08d2370239d41efeb7b28aca641db0	text	migration
migrations/v12-p0-paper-and-adjust/up.sql	true	true	false	5067	94	2613e5d2ac1a2290e006153c0c9e261a9327eccbec7c0763dd17d929fadcbf52	text	migration
migrations/v12-p1-account-mode/down.sql	true	true	false	203	6	2ce924c2dd72547158c39d555f9ebadd6c966f39803c02438267451d506af2b3	text	migration
migrations/v12-p1-account-mode/up.sql	true	true	false	1341	20	07892debdd7a411265a80dfc1fc7956559b4a69bd3b128b1d8b016aac78afdeb	text	migration
src/agent/auction_agent.rs	true	true	false	3153	124	bb70b3d310f9537f434828179bab883edcd9979bbc03699b20c1cdcd20f20346	text	rust
src/agent/context.rs	true	true	false	698	28	4d3c8ffc5d71d03625f4c3f51fe687ea1206a5f6ef94f51c6fc5753d6549ec4c	text	rust
src/agent/loop_runner.rs	true	true	false	21320	462	828f766f540fbf8653659b5faabb2fb1083c1fb28d079dcfdbafd3da793e24eb	text	rust
src/agent/mod.rs	true	true	false	794	28	31cd14101280bd562bf03390c3d019fd825081876e2e8678d8283d66d987277c	text	rust
src/agent/multi_agent/analysts.rs	true	true	false	12256	326	2044cdff49ef86ee21fe451bc404dd3614ee7ec7a404463d2dd701c8c6dc1e7a	text	rust
src/agent/multi_agent/arbitrator.rs	true	true	false	8141	208	13ab0be3f344c2f4da09e8028384622aa0f347196cd9ad08e3b97caedaa2190c	text	rust
src/agent/multi_agent/cost_board.rs	true	true	false	9346	271	cfe2f6cd12a0c16711433cc628b7bc72b00affd0fff3e1914473a701285cafc0	text	rust
src/agent/multi_agent/debate.rs	true	true	false	5729	145	af5aaacc9b8843ec7ab495a8808dd953e63c646578eade9f6d2fb937451a3f74	text	rust
src/agent/multi_agent/mod.rs	true	true	false	4505	123	ac865a89ab14a68c3e80979da3b24efeb07ed02eff5822eb1ccf4b5fd016727e	text	rust
src/agent/multi_agent/slices.rs	true	true	false	30173	878	0db933284a62cc1f948ddc989040a13a616a5249ebfda8995e9c9e0c6ca94057	text	rust
src/agent/multi_agent/trace.rs	true	true	false	4033	135	9bdde96c246bf7bccf73b78f42656395df858519ad39da5fb26b64281a3b2b8c	text	rust
src/agent/state.rs	true	true	false	272	7	4479fb43fa56fe9315f5c2e86068715b8ebcf15f78fb4023539138d8076ed619	text	rust
src/agent/tool.rs	true	true	false	494	17	b8bd07141cf61c5b728e50c8da1e73ed7f6fc07e53bb356f404d26cfdcb530c5	text	rust
src/agent/toolbelt.rs	true	true	false	1301	43	c3e27d06638eb9375247db1345a6f56f375056b701eaf520d8c3575a9a2372f1	text	rust
src/agent/tools.rs	true	true	false	1848	62	fdfeb083de5af93a7f035b7e8693c405e55b77dee229baa67b632181a3bb412b	text	rust
src/agent/tools_chip.rs	true	true	false	2053	65	b7322f32a15eadcc38d750920520ea8af5e08a9c4bcb693992483492db71b78a	text	rust
src/agent/tools_money_flow.rs	true	true	false	1620	55	f274898bba2ca2070efa0abc80d025109f0ff91a8f981ca760bcb3659c2a4ada	text	rust
src/agent/tools_news.rs	true	true	false	1878	61	32b2f052c5a626f55f14631b2dc7706304d0a660f801f45d2bfe284205663cf1	text	rust
src/agent/tools_research.rs	true	true	false	8904	260	40a10c38382732c320b87a4ddc1d0917fcb4da50c72062e18aa65644edf97e8f	text	rust
src/agent/tools_sector.rs	true	true	false	4943	141	5f5cdd05a8800b8e384d36f788e4cc882651631cfe55c5f07284465a236f53ab	text	rust
src/agent/validation.rs	true	true	false	5114	143	687cf3ab7cd45fe7ffe88f92a492088f0a325b9d2f7a30e149faeca74c502592	text	rust
src/analyzer/analyze.rs	true	true	false	43536	966	953136edcd789ee1e32e157eeb7f63840dc73c169328c7f2f327b21eba32b5a9	text	rust
src/analyzer/client.rs	true	true	false	17791	568	69e1371cd2d3841deefd10b58ef9c63bf8d6c5e4b972fb2326fbe08debe91168	text	rust
src/analyzer/macro_rec.rs	true	true	false	13433	267	bce3009ce78dbbb7518d368439f0e981007d69393cda24b4cbe6b178bc110cb5	text	rust
src/analyzer/mod.rs	true	true	false	19807	490	bf67f3309d83d83b6f054e559de69bd51d77ed673cf2aa18d4a41cf525a3d115	text	rust
src/analyzer/prompts.rs	true	true	false	12795	310	844edd07e71edba2e9ea1c005e0522573ae15b98e1bf19725b39ca2a7c475e25	text	rust
src/analyzer/types.rs	true	true	false	7732	231	9755fb5841ca2af91da7883f4b1c37375b91b3374f9672194dc0c20d39f98523	text	rust
src/app/bootstrap.rs	true	true	false	18658	521	bcc5f727dbf469c883be5626d288892a610416441336db803cdefa5b411d7b72	text	rust
src/app/context.rs	true	true	false	1652	47	51f431df11637e2d109f5e8b38629f79107eab323f0552a532feacbb71b98e53	text	rust
src/app/mod.rs	true	true	false	947	28	1b82595c16ba8f8c60c96e9b9d639a5fb16b65bad38581edfb522121ff36ad42	text	rust
src/app/modes.rs	true	true	false	9941	290	cacca17cb78232753492b594f5edf8996148fb56877e9bcdcfb265f4efe5aeef	text	rust
src/app/schedule.rs	true	true	false	9544	261	5b250bdc9b9fa5e0481fa93702bfae47ed3b47b9e401ea4013e9c3e66abf0643	text	rust
src/auth/mod.rs	true	true	false	244	6	3bbc49ba567a4c196cecae8eea6396a33dff98d380241e14343b26605a0a1b01	text	rust
src/auth/operator.rs	true	true	false	9048	238	d24fa40a894c47eb5b2a671e0d9a110474d1198d89e06b1dd7455ef0ac6042e0	text	rust
src/bin/agent_test.rs	true	true	false	8171	211	cac9113e85ea864e0ecebc73029e8aac3365dc9c6e4a568370752492f6e7c6d4	text	rust
src/bin/backfill_daily.rs	true	true	false	4069	116	1ebbd49ab94241cbad4209c21ef5c47fea7c0b4882e463f2a6cdf8c53813062e	text	rust
src/bin/backfill_predictions.rs	true	true	false	2876	98	8d3ed3657e515afc0da5c9b692752b2f2ce2e4efc1b898328ea8a1140149428c	text	rust
src/bin/boll_macd_backtest.rs	true	true	false	10138	318	e0e6fa99d759bc60562e745035e2969ccb54763942aaaaf0991ee0634df4be4d	text	rust
src/bin/lhb_query.rs	true	true	false	7374	209	5c2c9f608a63d7861be3bf11e12324ab4ee5145569b3c92802979d013b040c9f	text	rust
src/bin/monitor/daily_report_router.rs	true	true	false	7331	180	64026896ffdb0ab44d3e0ee6ed35500983683982075586217cf6151a4accb372	text	rust
src/bin/monitor/dryrun_report.rs	true	true	false	15300	420	a45bcfcbf5e910be55168aed42d1b06a3147890fbca166016c1c4a425e0923d2	text	rust
src/bin/monitor/e2e_test.rs	true	true	false	4733	98	69c4064f2b27589ef025cdf56701f203f7d41fad3331e5c85600ac9f98a42dd0	text	rust
src/bin/monitor/freshness.rs	true	true	false	4981	146	cba7fa56ea6a869ec37701abbd152d482fdd1195607da34475ebb2704491530a	text	rust
src/bin/monitor/health.rs	true	true	false	2873	103	2c8cf464bbd04ab8c85fb43fe01be97c4fffd30d3a725dc96a81b46107e0f5f4	text	rust
src/bin/monitor/l6_sink.rs	true	true	false	14059	348	2175ae457668745832eebc9d941eeae4ff6ecd488e9d3080d636cf9c6deabd77	text	rust
src/bin/monitor/main.rs	true	true	false	303361	12011	b8fd02c727ed11e08c1c88c5c087c675424b5077df88ff8b0500c6367c50820e	text	rust
src/bin/monitor/market_data.rs	true	true	false	16339	374	35f5df51d133aa8db3bbb23925857b196c2db22cf25725b10f49477dd34a0532	text	rust
src/bin/monitor/metrics.rs	true	true	false	4390	99	e5c66b3b35d8f39a13245802dbadffb9b58690af6a643ec9d55f20bb374262e1	text	rust
src/bin/monitor/news_aggregator_init.rs	true	true	false	18546	466	e69e65dc65fc88eae041e1bff17f6fba0fef4b94ef21a727b57feb80251ad537	text	rust
src/bin/monitor/notify.rs	true	true	false	105874	2763	9af2c5a29d4e99b1952fdd378b95bc8aac963e3b069e5148a85dfaa1d3ef18d0	text	rust
src/bin/monitor/push_templates.rs	true	true	false	391351	10596	9f36992798226a571ed9e939c8261215c8b38d1d37516d2d1146b93a674214f8	text	rust
src/bin/monitor/recovery.rs	true	true	false	2187	73	fce271b968e53e7091d08a9f3f0135d42cf66279baf37402e177396195fba4f2	text	rust
src/bin/monitor/v13_diag.rs	true	true	false	9600	284	c4c9281cd5da34fa9d027649455496ec5f8d5bbacc7b9a785b3a539ce997ee81	text	rust
src/bin/monitor/v14_adapter.rs	true	true	false	23506	521	abcbe904f8d35e8a7076d98417213cf7ad63784694f6305f7e1db2b7998f7346	text	rust
src/bin/monitor/webhook_alert.rs	true	true	false	2743	76	e26e177cad70a32e5231c598584bdd15125853b971418780b36d8161f1f1d1b1	text	rust
src/bin/produce_winrate_samples.rs	true	true	false	1452	33	3b5c300675f137cebcad8457989df811cfd37b53380e3df502e5f40847c2d640	text	rust
src/bin/rsi_optimize.rs	true	true	false	13037	396	757b10ddc95d5ea5b445e3bfcee64f7848c725af77bdec53561818821a0e25d2	text	rust
src/bin/test_em_fetch.rs	true	true	false	659	14	ba158a5461d6f8e08421c529ee2622b14af511c166b35f85bc3433d26d1b2869	text	rust
src/bin/v14_e2e.rs	true	true	false	12073	333	1dfc31d32192e286ef34ee8b4a95b3efe4e5e20e876814143cfd1599d40bd74e	text	rust
src/bin/winrate_simulator.rs	true	true	false	16905	428	fd27af709dbf94ceebaa09492b4a293a15e340984dad6e530a19071af7bcc41f	text	rust
src/breakout/engine.rs	true	true	false	11027	355	15bee99135604425269fc564651465c9a3e9b2bbaa4d1d348a303417ec8e363e	text	rust
src/breakout/mod.rs	true	true	false	307	9	d6046035f38ec12fa89df35269656e5290655b2daeea14ce30ed92f0d82f0ea0	text	rust
src/breakout/position.rs	true	true	false	955	42	cbaafa05408c37c67014fb5a6db940a7a1d6b64dd023e83667c267afb824a77d	text	rust
src/breakout/signal.rs	true	true	false	2565	108	9db5ad6a801382e0b24a8ada0b0a7d681587aeb92161df08841461d0cb7590e5	text	rust
src/broker.rs	true	true	false	13468	342	386e5af8dbf5d68a5e09fd4d3c333cde95c5428ae03117ebc9301018a79cad50	text	rust
src/broker/ib.rs	true	true	false	2352	85	6d09073f3f9ba6f2af5da2c723149608da4e9d19665c14911f6401bf182be313	text	rust
src/bus/mod.rs	true	true	false	7872	234	a7518f10ffbb3e6e1d2380c21ba26650244d59f34979d6c6b4ca26f9044450d1	text	rust
src/calendar.rs	true	true	false	11277	370	29d6f888c3da1affda0823f06f127fb94b2a6855716259d17b371f95f133d332	text	rust
src/chart_generator.rs	true	true	false	4958	162	f76d2d83764733d1100ba1725b59947992bb2e59db6714aef8e8da96928b1269	text	rust
src/cli.rs	true	true	false	2603	85	b86f6ea8abd70b666850c8576966c32c8f0653f4d34775d4fab75bb4d4072947	text	rust
src/config.rs	true	true	false	23514	720	553c8b4571538b1c2820d98d6758073a0e31177f326007948bb21d2c7fddb594	text	rust
src/data_provider/announcement.rs	true	true	false	21206	679	2cc248f78137679e2aa2ef7d1223c647c06f9f8c637f087051e20534832d477a	text	rust
src/data_provider/baostock_provider.rs	true	true	false	25526	678	528d707d63a3864fc4e30f08c3c3bd62e0d5c802361de618c75f6fc614ce1dcd	text	rust
src/data_provider/chain_registry.rs	true	true	false	6119	144	b4b9116f06e3d509d2dc8d50d8ed8ad142c52ef7bcba4cfaaaca4cfc0ea1f296	text	rust
src/data_provider/chip_distribution.rs	true	true	false	10350	327	4f3476fdbc54783251e5807b5fc94f6a41247c3ae066a99f0ce9b1118751dd26	text	rust
src/data_provider/consensus.rs	true	true	false	8316	242	88c024269b88a699018c31b35d30690fd0df4b548ed8825e31333b5d653372e2	text	rust
src/data_provider/eastmoney_provider.rs	true	true	false	18582	502	3257646a30034871a13311187cb648060e93fe527bd18df0eb3973af1690295a	text	rust
src/data_provider/fallback.rs	true	true	false	8924	218	8092d7c9eb9fba312486b25b77df4011ca500fb7f7b86dddb2821513ba848dce	text	rust
src/data_provider/financials.rs	true	true	false	17029	466	cbf82cbe95361d50b2d745ca1d161453d1343f6a3c0b2c9cc5a2357c517f42f5	text	rust
src/data_provider/gtimg_provider.rs	true	true	false	24779	622	66984b6d558a8c97ebe782cf2efdcd04e5b488b4e6e6790721fef35a3b2b7284	text	rust
src/data_provider/halt_status.rs	true	true	false	6240	165	b887cb1610d19204548eb3d614be5802a58324bfae3004983c1322cf97f883db	text	rust
src/data_provider/industry.rs	true	true	false	10002	299	2129916ec4b7333dd7c9c6cba6978310f6cb03c583b5a7b2fe5396831287e8fa	text	rust
src/data_provider/intraday_kline.rs	true	true	false	5132	158	84870e8b0522003b375b9ed3d671324052df643796ae59ec164593ee897b0132	text	rust
src/data_provider/ipo_date.rs	true	true	false	4169	129	e590f36f0701ad2940a84623338d1d3b867f5c1e321fc7d59652eb040368783d	text	rust
src/data_provider/limit_status.rs	true	true	false	14254	427	7691bfefa604e7ec640e465c96e25679ae5a0f1a9a83658c3d1f5f8db7bffe31	text	rust
src/data_provider/mod.rs	true	true	false	14476	384	5abb8427c17678260ab9473b91619364161aa766b1e59357e6bb38f08ab3a6e0	text	rust
src/data_provider/money_flow.rs	true	true	false	21589	625	e3690f7d1f691c5e50ab74dd2c74d092a11fbe355e1890d5f50d8d949e872768	text	rust
src/data_provider/news_item.rs	true	true	false	2013	49	fb6725594a379b615444bf90fd0d1354ff7b08133bc3357051bc1932f07dddfb	text	rust
src/data_provider/north_flow.rs	true	true	false	8562	262	48dad08d9ee2646103daf16f13378c32a6eda29b1808ceea5ab6a91e86ff9671	text	rust
src/data_provider/rustdx_provider.rs	true	true	false	15457	417	cfe98f4d2bef1703810030de4e1ff51a550c2019dcb3e0c891f1048e1344bc17	text	rust
src/data_provider/service.rs	true	true	false	10509	256	e210a9c2a026ac36f94c2c22bb4ba9198a0049b7a6d3a2fa06986ff71eabe235	text	rust
src/data_provider/sina_news_provider.rs	true	true	false	7594	223	69fd29048e53f23218888ee9fb331cd020d388225f83ec0fbf5dbb9893fb79c6	text	rust
src/data_provider/sina_provider.rs	true	true	false	8599	261	20366aa94bf3eb0cdabe4cfe4f16b1a1458e3aac797f3ff3bc616bba33433b64	text	rust
src/data_provider/stock_code_map.rs	true	true	false	3371	104	5bedea3d9d66dbaf20559c809d6935f55aa8a83e249d345ccbe54fd6a5e0e172	text	rust
src/data_provider/valuation_history.rs	true	true	false	6246	182	f93c616a5ae315d97decef1725c7a7c31ef1775121a60c6667eefb76f3b697da	text	rust
src/data_provider/yahoo.rs	true	true	false	6652	212	5c1e0e3abf88f5d779184cc453d2fca2b75dd7193ab7f50b2a76421296499cf1	text	rust
src/database/account_mode_log.rs	true	true	false	6110	177	69abd540e0c9bf41a3ff0c92a94ef82e0bdca187d782ccbe5a6d5844f88b1626	text	rust
src/database/agent_logs.rs	true	true	false	1039	30	d024fc4acf9aa2773943cb842269d68fc46803d039495c39e59d9995aeec0d2f	text	rust
src/database/concepts.rs	true	true	false	18259	480	9451b386afb3278d185956df3089f0a371a77e8e96c024172e1f2d1b59c94c03	text	rust
src/database/execution_tracking.rs	true	true	false	5030	174	cf835973423f87382c9ed9d9a1177a8d86d053b8ea116aa9593ae2e791579b2c	text	rust
src/database/factor_snapshot.rs	true	true	false	9216	276	0e076e82f1954c45937def30d90e392a16d1c406a2bdc1d18500f6fb15715e9c	text	rust
src/database/kline.rs	true	true	false	13353	399	94d7365d53066d49a120cbb44e95c7120f81e4f94f482a8a8c48404eef9bb467	text	rust
src/database/lhb.rs	true	true	false	4114	131	8c07b327656e13c1bdd5f315446ea1cfdc1f3b9b57c0f1f0dd9c49dd9cd64286	text	rust
src/database/mod.rs	true	true	false	62160	1576	5e231943ab2ef490dc291ab11f2c2c1e95e0663cd68e4fadabe4bd379ee81c68	text	rust
src/database/position_shares.rs	true	true	false	6769	175	6635c80532a477ee9e519abb72c767b5cc40a5115516f42cc50a4a86b1664477	text	rust
src/database/positions.rs	true	true	false	10003	273	803e8ed3b47ae7e47c98418b0862167d563940122320a052336dcf359984aefd	text	rust
src/database/repository.rs	true	true	false	8227	258	8af63916ce13e819f778e65340c4e1e2634fd37606a7ed9c4bd2042baa5f09c7	text	rust
src/decision/capital_verify.rs	true	true	false	6062	207	413c29393c6e2fb59e3008372fcc7563bbd4b9c627f366e852e3730dfce4d3f8	text	rust
src/decision/decision_decide.rs	true	true	false	31734	843	cb88209abd8c4e02800e046fa81e5d80846183e654da0921b0ed1f07552729ea	text	rust
src/decision/decision_panel.rs	true	true	false	9315	299	aa80f622670260378b32a5157be9146bb129bf1491fad37bc925f4f7df573416	text	rust
src/decision/decision_render.rs	true	true	false	10007	319	6832e1aa9d74385c9d7bca9322d36de7d2d982db7c726e1f25b4325ed6e02343	text	rust
src/decision/exclusion.rs	true	true	false	7219	233	c845fb897e58bcf19de471e9521614806318190e469e67ee88dbbde31f78af16	text	rust
src/decision/holding_plan.rs	true	true	false	7307	230	c9d5f60411e0127d8f932d78f3b8a49e3e7c7f88e44565cb91bb16e607524359	text	rust
src/decision/intraday_monitor.rs	true	true	false	18262	468	ba1dc3aa1b0cf2489cd92d9682db258d8d5c53610e66390cd7cc861527d0bf24	text	rust
src/decision/layers.rs	true	true	false	6161	168	1b95ffd07ef3828056f340d18d40cc7e33a836a85706b90ded07602649f5a61c	text	rust
src/decision/leader.rs	true	true	false	5342	175	ea5713e0963ab59c1d6da3b98dd4cc5e60a07eb093d94b4e87dfa9bd4f9547ce	text	rust
src/decision/live_plan.rs	true	true	false	9045	313	59431bbdaf0a8a4e9004301da93cb30e5e1095a92d2612ca67d832962b1aeae9	text	rust
src/decision/mod.rs	true	true	false	670	19	3ab8bcc20552746eaac4db733abc09ea482e8ac24189434f5638f0e21db2b003	text	rust
src/decision/pre_trade_filter.rs	true	true	false	12007	363	09fce9f01e436ac9b543d368aa8c1ce4be3dcf5f1ce8cf133db42ecaadf18cc0	text	rust
src/decision/rotation.rs	true	true	false	6756	235	92c6593a1c4fdd6e810cc1224c5626618a9905f39b18435a9dec720fa585f6ba	text	rust
src/decision/sector_score.rs	true	true	false	6750	239	26ebd72380d33d5354ec12ad9753734aa1e426f191a6399a9be6cc160abcb9ed	text	rust
src/decision/t0_advisor.rs	true	true	false	10366	352	c693f2f235e076f51cbe8c74706968967153d180dede8945cf3e3de9faab749b	text	rust
src/deep_analyzer.rs	true	true	false	30813	791	cb3cd4b0efd8cbca988e0811e25828dce48ac7f4717ec35a823ca870544f76e4	text	rust
src/enums.rs	true	true	false	1546	60	aa4ff81cbb8d7402a23fd7d0d141908cde87463d86317dc48798e770230f759c	text	rust
src/errors.rs	true	true	false	2472	82	9d428e5fb21bd2449568248230297c95d877034ff55e89284ce4aeddd319cd83	text	rust
src/event/bus.rs	true	true	false	9867	273	d4f6c95a39791cffcdd0e93cc9ffebe0249e503ebfa1722af60d83ab475c60f7	text	rust
src/event/dispatcher.rs	true	true	false	13432	399	424707caadd879c30aa45a385071d784d6f3b9237e5efe33717add37c360cf5d	text	rust
src/event/envelope.rs	true	true	false	7629	256	751fbaba7ab05647a2b50a2b29514e06dedb4ade85c356e417b276c32b40f6be	text	rust
src/event/jsonl_writer.rs	true	false	false	10530	317	af4872b968304a032865e7fa5e2b7e8f899051095a1c13e24bf9cc33f4ca1930	text	workspace-only-excluded:rust
src/event/mod.rs	true	true	true	4301	147	7fc1eaeaffcd6465b18a0810a456c83b044bc1afb246b4550545da3375001f0a	text	rust
src/event/push_record.rs	true	true	false	11592	381	91feb61d371e657f2f1bb91e2ee01a3e74154aada56492f4f3f27d8d3fa283fe	text	rust
src/http_client.rs	true	true	false	2938	62	00beea1235907d4875ad6fdc43b2233687e620d164386ae1617672318c5a0e6d	text	rust
src/indicators/cross.rs	true	true	false	1528	52	047d5ab10c0e6d6d710f76a0126482475bbb9c8f27ca34cacb7dcf63dc0a1d74	text	rust
src/indicators/divergence.rs	true	true	false	3886	110	38b8b0e65fef54c75941bbf2ad6b0658cf7b5d52908202dae33b842fd6b91f42	text	rust
src/indicators/kdj.rs	true	true	false	2974	102	29f645dc54497ade790040ee01b8ad53f699f36db14c309893597554e8f73204	text	rust
src/indicators/macd.rs	true	true	false	1093	44	4d601e986317c27c8bed2d64535a0e71811f62c4dccc074c6c17c514a508098e	text	rust
src/indicators/mod.rs	true	true	false	18451	568	ab1d0afb4ac749c3b7d0ab3993da588df143f5d71713f52111099e44dd03d89c	text	rust
src/indicators/multi_period.rs	true	true	false	6079	180	315834822ede0ebf2c3532af8b729a5bb45d3eb6591b1e628155e2fbd671a150	text	rust
src/indicators/rsi.rs	true	true	false	2291	87	983987f123f40215ef6fde0d9e24b64ec9f064c92bfc44bb62d09494928c18d3	text	rust
src/indicators/skdj.rs	true	true	false	3846	131	34b65152e30c43a90989f36758fc6c7ea9aa166ea9332503b2724949542ee803	text	rust
src/lhb_analyzer.rs	true	true	false	18939	586	c0d7e6eac92cce3f0b42334a5497d441f2c235cb3c3cf488c2b68a2cbec8ca4d	text	rust
src/lib.rs	true	true	false	11591	267	081498db28738d2908f7a9b3a5d4ac91b582e9ee92ab54fa40b8f13126252cdd	text	rust
src/llm/mod.rs	true	true	false	5304	144	2814c6f582f92d01d57bbd22ae30e24ca48d16fa38fa05f102b73d56d9cf5918	text	rust
src/llm/providers.rs	true	true	false	4227	125	56d71e95ee29c1e4671cb6cd247e3e9fbd781100d28355f2c2e0880327ade69e	text	rust
src/llm/registry.rs	true	true	false	4473	135	c6ba6c6ba2f7613ea8d91ff89c75582fbb46533b5976e1b7808d9b2a45ba8036	text	rust
src/llm/ticker_extractor.rs	true	true	false	7928	211	a07b2628cb6b6afc7eba7601988652bf1d29d2c7aff4df97b47338f806776b27	text	rust
src/main.rs	true	true	false	4121	119	7050b6b20f4a24575a5aaa0030cdca7e7e109f4081d1efed6b49a69450893948	text	rust
src/market_analyzer/async_overview.rs	true	true	false	20643	564	0cc409b294f3d8d1c57ec37f5ae9d519f11ca2367c6a2e8766edfc90fe6d3c10	text	rust
src/market_analyzer/indices.rs	true	true	false	4175	117	68fe70f7dbddcd6cc0f8532f02c9da0d4314411615a8da1412f6ad7f9de72aa6	text	rust
src/market_analyzer/lhb_review.rs	true	true	false	6703	210	29cb4d46c7a281ea3fd96af5c727dd02e3831dda7dcbbd459f941933a72b70e0	text	rust
src/market_analyzer/limit_chain_review.rs	true	true	false	7576	248	bc2a713a027bc71c41f542a104e49ca653a580b4634986564deca1562b61349b	text	rust
src/market_analyzer/limit_up.rs	true	true	false	9793	271	698222af8ab639ac03cd1aba1e8715f3e1a9b3ed9e1fe57f9bc408449d898f48	text	rust
src/market_analyzer/market_stage_confidence.rs	true	true	false	11985	408	41ee921af11e8b1a5836aad696e4bbe28f54fac11da5df02b56d52da28dcc9fa	text	rust
src/market_analyzer/mod.rs	true	true	false	9063	268	d5c5c694e908addf2e13d1eba7d83b299552a29318fd56c5ea2c42631710dc1f	text	rust
src/market_analyzer/performance_feedback.rs	true	true	false	8131	254	2ff0fb063c003b1e3c599047183ea55bdac997acfeba7c978b68374e7696ebcc	text	rust
src/market_analyzer/post_close_review.rs	true	true	false	5386	181	734829bdb9069e79e9b908de232ca32ebb3526b2e68cb7ccd2ee47f17e739794	text	rust
src/market_analyzer/review.rs	true	true	false	7835	286	271b5c209cf4a842dbda876d04adf52fb3879c541a14ce3fff07b4b8a6918bb6	text	rust
src/market_analyzer/sector_history.rs	true	true	false	15734	453	cc32ef02e9ef43716c7689d6b5400f8eb08859803e249c67b6e0d715e7c42253	text	rust
src/market_analyzer/sector_monitor.rs	true	true	false	47207	1302	a7cc10fa419f0eb4d2db780d1d464b1b0967c89074215f6815ef8cbb4ae8dd1e	text	rust
src/market_analyzer/statistics.rs	true	true	false	12296	318	1b7655cab00eeb2c832efde201d9db192afecd938e922a0a408517c52a6a5e88	text	rust
src/market_data.rs	true	true	false	6197	225	17e2901b5cc93288450fff5584e86906dfa12826741d738a824449d9194dab9a	text	rust
src/models.rs	true	true	false	12109	395	8802b92a4cb556f9445d7a2ea310e702a67512714b8444a1919a919e74031870	text	rust
src/monitor/adaptive.rs	true	true	false	8901	276	708cf226565da4b8f1d1a47ef4fe804348eca36d78bd8fb1d7543586a14d9363	text	rust
src/monitor/alert.rs	true	true	false	10177	313	d4fcce09388e18a04074fc8c6eef31b582bdbd4d0aa86eccacf5ddd7598fabf1	text	rust
src/monitor/alert_log.rs	true	true	false	4571	163	beab168d6f04dc1b599dd365e82e294f6e97ccb9fbcdeed283aae0ae1b5ddc67	text	rust
src/monitor/attribution.rs	true	true	false	10744	298	84a218c0139bbe2e76cc68d920b256f1c6cd6dd76934f2898e53906235b8e918	text	rust
src/monitor/auction.rs	true	true	false	5568	200	d155bb7672c75f11f2686de549b467ca4635c504a0f4b5d6b2ebf1d8a6242cc7	text	rust
src/monitor/checklist.rs	true	true	false	8831	253	2e210065f3bfddf8733c235ffc21cbbacb0a9b0eec486d311c537dbe6118f6b5	text	rust
src/monitor/data_mode.rs	true	true	false	13299	434	003e6e995ee2a81d8e131efa6daa185359b28fe6b2d1ff99ca94f53b57748f8c	text	rust
src/monitor/data_quality.rs	true	true	false	37720	1072	6ff12ce689eec4b5b64f1fae47f53b5d762b9fff1b800da03c9d39959336b6ca	text	rust
src/monitor/detector.rs	true	true	false	21147	643	92c55c5f61a2ec1043297838768ca011f0a0954157018f4080cd2beb37788df1	text	rust
src/monitor/entity_linker.rs	true	true	false	12079	343	cbba633b94db832da222855808c95582faf2d5d0b004411644135e3f276cb70d	text	rust
src/monitor/event_bus.rs	true	true	false	5127	147	0a90c66c89cb180f6ca679f20c3e7dd5c8695578b11c6c172680ae65e0d9e220	text	rust
src/monitor/integration.rs	true	true	false	4444	134	c82af3c529f2bc7306796909a42c86b6c4ed721e4904fd1893a2dac222a89a88	text	rust
src/monitor/mod.rs	true	true	false	983	35	9fff1feb26954c6a7dd107e1367c07cfe40eaa4832344c5f8ae8a57d9ebd0f08	text	rust
src/monitor/news_ai.rs	true	true	false	16223	414	dca988fe37967535da60959d4aff3731af0ae8ed5bb0e3b0a680f21a7541f957	text	rust
src/monitor/news_monitor.rs	true	true	false	26673	730	4b1dc28bdaf150176ef111b48fe72543b5c371c6117e068d84ed12c42e9a0084	text	rust
src/monitor/prediction.rs	true	true	false	10933	284	8b37427f617582eb362be78d2798c14fde3f5e3ff9028eff59ac9d94ef130781	text	rust
src/monitor/rate_budget.rs	true	true	false	17765	549	cac82418f955d8103e741ccbec2dde42b53b94e2fe5ca45bdb8c34a6b9ec4926	text	rust
src/monitor/risk.rs	true	true	false	12122	381	01bae6edc9e447ffccb75c8f7dd95edecdc250e1691cfa07349e4f616a45c44c	text	rust
src/monitor/scanner.rs	true	true	false	8464	287	dbe97580861e37242af7536d17019efc7c86b5e4b24d7d6db0f09fee62e32b55	text	rust
src/monitor/signal_fusion.rs	true	true	false	8838	266	3eebf022c42fd89d7e28dba21efcf1730ccbc1cd2925de21c174ccbb186c730c	text	rust
src/monitor/signal_state.rs	true	true	false	18756	493	9ec4dddafaf9aeaaff2ac3a354dd01c8bd857fa5712d95402cc4ddc7c8b3cd72	text	rust
src/news/aggregator/feed.rs	true	true	false	12029	318	d534a98443cccb1d0caf798365334ccc0a4a8101cbf0db38a2ed60c812c2dfe1	text	rust
src/news/aggregator/mod.rs	true	true	false	6380	212	78360ac0e2f53935537f2775ca99a618f790f93077d2017057321e80706dfd87	text	rust
src/news/dispatcher.rs	true	true	false	5951	168	7f6d092574d3b65c5ab21f11c15031825bc79200df5d8b0dd109cbd6810f6417	text	rust
src/news/impact.rs	true	true	false	5579	172	0dd90374f082e672f1bcf8480f47572ba40ba6077ed4bb6bbe7eb536ff3f2492	text	rust
src/news/ipo/mod.rs	true	true	false	240	7	b40439737c046e49ef639ec46671de4a930debee56258ee416ecc6d568bcf111	text	rust
src/news/ipo/supply_chain.rs	true	true	false	5551	182	664e53aad32837966602250e8f504797135263dc9e6a67bc81eecb7450cf7786	text	rust
src/news/mod.rs	true	true	false	754	19	08c0ee8c8e176e3f6a263123261638781aaaece7c863a2366ec513f420b669ed	text	rust
src/news/sink.rs	true	true	false	1602	63	ad5143ff38fccb5beef342ead1d212dd5f939a437c94d7ce06cdda1fa378f9b6	text	rust
src/news/stock_mapper.rs	true	true	false	6090	171	70767a488b110bb618549dced9e1de9a59332e5fb510d8340d4a98dcc20e6ccd	text	rust
src/notification/config.rs	true	true	false	6902	200	27a4a6b374061d9defa00301b198aed0d8599c14e96493e3ed340a6ed9147378	text	rust
src/notification/email.rs	true	true	false	11972	367	6dd377337017a99da5b58cb33cac65edeca1abeb48c01280cc3710afb99c3a04	text	rust
src/notification/feishu.rs	true	true	false	16155	426	a8ca097f48516051467172f0310da572eaadfb4a1507ec7d49a94338fe4fcf15	text	rust
src/notification/mod.rs	true	true	false	1170	28	286aae94b688dc8fc1d125621bd3279bbab79c5e9fbef83110b86688f8c4df4a	text	rust
src/notification/report.rs	true	true	false	38788	942	c5c3b66a68bd56e47c6ab63e54f23e7f52ee1cd46efc1c460dde3306ce1b8666	text	rust
src/notification/service.rs	true	true	false	21089	575	41e40fa9ea7ba7c9067f76562954cf90fddb6538f83e4ab88e416f4214310dc3	text	rust
src/notification/wechat.rs	true	true	false	5575	168	09af986adc8a85405e44c3f91a822f944050672911e9bfe556e992e18de8a3f2	text	rust
src/opportunity/auction_agent.rs	true	true	false	12298	337	f0a6c615ad2ecec1d4903602bf94fbde65dcb962bdad9f556d47e2341b610cbc	text	rust
src/opportunity/bom_kb.rs	true	true	false	25844	688	905f472b3d2c3480cbe2996185b55f5a406c495b189be139e69694aa6cbbac8a	text	rust
src/opportunity/candidate_panel.rs	true	true	false	36871	1055	934570bf8b6bc7f9fc1329d984c35ac6dc1a5daabcf0e872586be11875233dab	text	rust
src/opportunity/candidate_state.rs	true	true	false	9371	283	5a3ecd8380ac76b63d7e80beff2ee09231cd734d0c2498e226a331230a03b0f0	text	rust
src/opportunity/chain_mapper.rs	true	true	false	56125	1378	bc10783f03faf106825b07399f0852abadc43671bd82029041d6052baa5b06d9	text	rust
src/opportunity/discover.rs	true	true	false	15620	411	6f9f2d84c76a16b1a56f09b11e53f015392f0b22d2ef35c8a8d6d0beab421d55	text	rust
src/opportunity/event_extractor/adapter.rs	true	true	false	2106	62	b6b2ae30462414d85467135d2b93d55a862058f7ef5f33b7f05339777684482e	text	rust
src/opportunity/event_extractor/classifier.rs	true	true	false	2559	75	ff56a2a7f12ac9ee7cd3f92ffadaf5546ed5f00e64d7a3cfd49b36e7634e08bb	text	rust
src/opportunity/event_extractor/core.rs	true	true	false	5891	154	892017a6d3fdf6fa1ee197f013d22ff25bbdee84cc5cd07d3fda3bf4fb0abc67	text	rust
src/opportunity/event_extractor/mod.rs	true	true	false	15038	406	90273b792c864414e46a80a455b14cc1362f36d3fad786548ad6b96473d44ed1	text	rust
src/opportunity/event_extractor/rule_filter.rs	true	true	false	4957	141	5e34e7aa155ce9ad854128eedce0b54c2f1ae74062cc6b7f3460dd8e1cae26dd	text	rust
src/opportunity/hit_case.rs	true	true	false	8962	261	a53b0a7c1993f0b656bb2d1a765fadc160a709c5d365bf41a5924f3f675f6f42	text	rust
src/opportunity/impact.rs	true	true	false	18422	542	928116e36f80f5ad602e811f3a2e8e15d88b811b222e9ea0b2b70f6a0a48f238	text	rust
src/opportunity/launch_gate.rs	true	true	false	12675	375	e19e78a01c7f8858d17e93f8a65ac5b223ad7bc34d704df356d1c96e5a31e125	text	rust
src/opportunity/mod.rs	true	true	false	73746	1912	0de8811d824b9e9f36577be85af73d6ac36b634daac311f8df231279ec580152	text	rust
src/opportunity/news_audit.rs	true	true	false	12563	373	0d1e1760fde42f2228c92982fe2987f82856893d67812cabc1c6e85b069033db	text	rust
src/opportunity/news_outcome.rs	true	true	false	32045	892	6d83d772616fbb661b9ccb189824cc9b4a226d52b1e06d1a8d8fc9256140c5e4	text	rust
src/opportunity/news_ranker.rs	true	true	false	51522	1463	0096eb41fc703bad3c0f599b0f8eede1ee2bbb1d4874b183faa98a10d1d5dd45	text	rust
src/opportunity/real_alpha.rs	true	true	false	12575	349	245ac91d6b1e8250a68c0201c4e6b8106874eada7e8b2cf7e1c3c54b3c4a8e72	text	rust
src/opportunity/scheduler.rs	true	true	false	8804	241	a4312df24ec17c268785fd05789dc4beaa32c2f068fcae23371bc38551dabcf6	text	rust
src/opportunity/score.rs	true	true	false	11594	301	d7478ac3884cc8bc5226887d0952d85ef79dbadb8c70eb506c5df7d38813eef4	text	rust
src/opportunity/virtual_reason.rs	true	true	false	10883	304	85963905d296f491e252434061047e80a3b9956aadaa10c17b61d6de3514c7a3	text	rust
src/opportunity/winrate.rs	true	true	false	2430	75	44ffb6e727d081e6efee167363f22a48f14aed502351c6043bfa2dccca95f826	text	rust
src/performance/mod.rs	true	true	false	152	5	5d2cba9b68d7bb4773899479d4118890525efe59b305e50ff0f3c879dd935089	text	rust
src/performance/snapshot.rs	true	true	false	9576	253	bce23157d17532950d4b0f0bd835bc3f3c0fef75484f2d8fe0b704f6b34df482	text	rust
src/pipeline/analyze.rs	true	true	false	47901	1109	70fa4fe5aedd9644eed8670c6ab8b2bf61293a01d05eac2b916c1fb8d9343add	text	rust
src/pipeline/backtest_runner.rs	true	true	false	45005	1139	ef140e7bc5fd35a083b291589b81c2946455ed79224310fbe6cfc5a21dbb7549	text	rust
src/pipeline/chain_analysis/fetchers.rs	true	true	false	14942	438	d4535ddf536e8230cd2d309e98c525c9c5ead3139d6b8119a83e28e0cdb3e4eb	text	rust
src/pipeline/chain_analysis/mod.rs	true	true	false	61906	1688	5b5c658c1fafa2312380595b31248c0b4d7fccfb0afdf0d53e729e3914f96685	text	rust
src/pipeline/data.rs	true	true	false	3838	86	a3b42cbbb03faa89bd32a29844e549334aa6f59027e17612948dcdc4ce8cbfa5	text	rust
src/pipeline/extra_context.rs	true	true	false	4130	102	de381dd251e728c065b890ebfd7bd36ce44f39f539767f75fd2fcfd4c1c7a0f6	text	rust
src/pipeline/macro_news.rs	true	true	false	1548	51	0976b03d4c09ca42bbc6a4dd139ed4a72a65397b395fb8af6695d9a58361a920	text	rust
src/pipeline/market_regime.rs	true	true	false	6646	183	c1033013106c41454a42d86f11d9d60920b47754be10d76b0a502434c57a3710	text	rust
src/pipeline/mod.rs	true	true	false	28362	736	28f2d76102eb99f29fae3a8593e0f44b3fd8aff16b0db2dee1427d1abe46ae22	text	rust
src/pipeline/multi_timeframe.rs	true	true	false	1767	41	41dffee9fc85302d359e7543059aa5496296e675e3d6aaec9bbced16bf79eddd	text	rust
src/pipeline/position_tracker.rs	true	true	false	22638	551	677350c9123b4efe842d3406a24a4aaa5b7001e8429a5073566a07d565a19a63	text	rust
src/pipeline/price_stats.rs	true	true	false	2164	76	3048f6b956fc5be2bbb9d87082ba0fb35d7052097e2b91ca9b5732dbce8c2b4c	text	rust
src/pipeline/reporting.rs	true	true	false	11434	308	51491ebb1bc3ec32de52528a236e510d43e5537efb4c0bf63f59fd496109b76c	text	rust
src/pipeline/result_types.rs	true	true	false	4570	130	bc299699f6dc2515341beda98030727b14bb6ee56492d3d819c10a22f7d85a5c	text	rust
src/pipeline/score_breakdown.rs	true	true	false	10585	343	3fc946268d278aad35e12bf19f17027924faf58ca82a49b401f31938ce8454b9	text	rust
src/pipeline/section_utils.rs	true	true	false	3308	108	418e7b73dcee6c480043e533b98e022e915205a7803a2acfec4da5eef53e539a	text	rust
src/pipeline/summary_notify.rs	true	true	false	2559	73	09f10879a955930b0b83077677065aa6e4062969df944a472f73140c99f81a4c	text	rust
src/pipeline/technical_report.rs	true	true	false	5875	186	706e3cb15b8a490198731acc0642c3705a9314bba0366972a660444a7547bcdc	text	rust
src/pipeline/trade_type.rs	true	true	false	2246	50	5b9b81deca99b3973e3ab4c27d4decf22571f5b050915c507dd2972ae25304e3	text	rust
src/pipeline/veto_rules.rs	true	true	false	7485	179	f5d619b324fb5e4e83511b74598c7ed68a8b50e88052fe46ab130e77ac940fef	text	rust
src/portfolio/mod.rs	true	true	false	7447	226	1bfb613afe18827a99a43d3fad9bb738483fe3cd50b3c347524f992a8459d66d	text	rust
src/portfolio/store.rs	true	true	false	13300	391	c6801974001f00c88789e72f9aa07e445a05a15a020f11c4c5460d6d11f4ca49	text	rust
src/push_l1/event.rs	true	true	false	14536	398	8999ef7641aa0fa5c54cb0fcf1913152ecdde5480cd6cfa3e5c50833566266af	text	rust
src/push_l1/mod.rs	true	true	false	744	15	e6dff69fbe0e5a4ad517cdb5bfa3e4bc6e0181750b25f32b3bc0e22758e0992a	text	rust
src/push_l2/mod.rs	true	true	false	578	13	d1d20f69b15b7d040659d30a8f41728bb249b2fc6fc1ee6d69b77c30589ac34f	text	rust
src/push_l2/template.rs	true	true	false	9645	305	dc7060ed21e0e3ead6dd60eab2a942d9a0151fc3b31210d6ba52a1c9482fe090	text	rust
src/push_l4/dispatcher.rs	true	true	false	17738	457	8662d4f8da4c1946f4eb9ca06b4aaf37b748cb8d089041432a7ca5cda853eb43	text	rust
src/push_l4/mod.rs	true	true	false	443	11	5d9cb3b8070467c00afe367e811c06f75ded5c855e379a0b5b06fb44d5251859	text	rust
src/push_l5/governance.rs	true	true	false	18401	485	a5721e96844410cdf4e7318b7f0156ea8efbd1bd9523d3ace7d8085fd52f3727	text	rust
src/push_l5/mod.rs	true	true	false	519	14	3a3d52a8ccded17ae66d03c0ad889eecb77715214b367b537a00f96cffefe97e	text	rust
src/push_l6/external_sinks.rs	true	true	false	16805	491	789820dde64c6bedaae19c31de8db56679aa13df8772f81928f1cb7754ddb31f	text	rust
src/push_l6/mod.rs	true	true	false	589	14	f6b5a59e7dd41a22d014dc54d2c5c8eccd3c23eb387889e996c3d6e75d27f4b8	text	rust
src/push_l6/sink.rs	true	true	false	11824	394	22ab554014d4beb48de54895c775721bbad474859e7e45d82d60448acab99fdf	text	rust
src/push_l7/analytics.rs	true	true	false	14504	429	495295692a12cdaf10be20bd3d15bc4f62b89fcf2bc514c56ff7797b13b16a70	text	rust
src/push_l7/mod.rs	true	true	false	540	15	fd8afaa971e46073d9f005adb0b77be7737d73d5dba8c15fc23f901e50d55af3	text	rust
src/push_l7/sqlite_store.rs	true	true	false	18370	472	a226de02f8f545b69aafdbf49e846d985f869c00ba96a97437c271fc38de9a77	text	rust
src/registry/mod.rs	true	true	false	6264	167	5772acbc3c67e61efcc3a6c45f581cf56879983711ac6a87928040db45febe95	text	rust
src/review/equity.rs	true	true	false	6543	221	4342af775eb344b93a2b6111cf577d2776b69c243d346504667df80e142d4840	text	rust
src/review/factor_ic.rs	true	true	false	18585	592	65ddfed4aeb6cba37bf405d81c94f7a9434bcbfe7f5864897cc4c3003bf09555	text	rust
src/review/factor_report.rs	true	true	false	7587	230	dc33ae1af6b13a97873460d9742f71e365d9cad69a10aba9c7a488e15ef3feba	text	rust
src/review/failure_attribution.rs	true	true	false	4297	136	10c0bf78d90aa08587eee259d10f1a7fb4cdcc475becea60c7e58312a9098c78	text	rust
src/review/journal.rs	true	true	false	6961	204	01f3d8fc67d25c9cec7e8016ab04433b2d298c9240fed91d58e73cfeb89637fd	text	rust
src/review/lhb_review.rs	true	true	false	3529	116	c49b1d11c944835679a667529bde49aba7e3a263e7bd3b316018c2b9125ec611	text	rust
src/review/limit_chain_review.rs	true	true	false	4407	163	f396237247baabd6819baae2df6230f45cdef59cad9fd5b887af623b25aa4c71	text	rust
src/review/market_stage.rs	true	true	false	3987	126	a210c9f4f142948e928cdcf31b8124042d29299ff7e748ea67eeb6c620add249	text	rust
src/review/mod.rs	true	true	false	712	23	05869e502deb7794cc55c63e1be34ded64e63120675f5a01c056147ee745fa52	text	rust
src/review/performance_feedback.rs	true	true	false	5380	182	8bd13f0d02071eb81e4cb752f4681c87518bbbde6187ad211eb2b73b95d401d9	text	rust
src/review/report.rs	true	true	false	8009	225	227bb8f3bab2ffa5e92791ad5f0858f24ff2f513a0d17eaab68d62da06126ef1	text	rust
src/review/signal_review.rs	true	true	false	5585	143	f8c3bf1687ca430b3688e036ca9de342559e889f5cb2143486c17ff09ed90452	text	rust
src/review/sop.rs	true	true	false	2120	62	b2af0d4ee6df67c6b6f9bd4bdd4e67c65c2591c4e511067fc498f1fff0812dfb	text	rust
src/review/tomorrow_watchlist.rs	true	true	false	3379	124	430ac6fd400484d077728209d19d0170322b583954bbe77345bb095f63f8a23d	text	rust
src/risk/account_mode.rs	true	true	false	19303	492	3ad87534c53ed19051dddd1e39180c8457a3d873a4d631f2683e4a4893992140	text	rust
src/risk/action_gate.rs	true	true	false	13811	408	410a38fa5a0502693e90a6aa66dea9012142833629e6353f3c805efaeda77a05	text	rust
src/risk/cash_guard.rs	true	true	false	1852	68	dbbecba6fed942be11bf932e35100cd49b530de0d1a738879a29af7e367f1f27	text	rust
src/risk/env_guard.rs	true	true	false	1688	64	5cce1e6e68f04e743afb1c3fa46c2a51c74aaeb6ff56361dc6a55792566d5b33	text	rust
src/risk/limits.rs	true	true	false	7649	217	94b0633c13f4848217e18fb556ca06441750c1319e914203bfa68edeaa4a66a9	text	rust
src/risk/mod.rs	true	true	false	935	25	b5190ab72bbb0762a999293e651beaeb7aef28298e1248af755f0ccb384ace7e	text	rust
src/risk/sector_exit.rs	true	true	false	2274	81	a143e160087cbb0ec141ad09a02de0560bcd5b0046e2ad29ce1bbfd12c695a7b	text	rust
src/risk/stop_loss.rs	true	true	false	3786	134	fc20f1d2285de8ff40d2fc5f5d69782ef49471226bf0c75bad11ff4259342896	text	rust
src/risk/veto_chain.rs	true	true	false	11374	370	3eaceab907e84bed806adbcf04a593e860f5e8ee32849ec3aaf05d18dc0d1844	text	rust
src/risk/veto_rules_live.rs	true	true	false	14353	479	fab7b26c15a789f070d2cb031795e09baf05263850131720aeda09958aaceac8	text	rust
src/schema.rs	true	true	false	5320	201	33d378319b8e475a33cd55ba0bdae5fd78ab191bdd1c9c1e42b7f81e49937318	text	rust
src/search_service/mod.rs	true	true	false	1165	28	53e22dc8985287e71656dae02266fc97d6506414acf0cf6bb535cdccd163975a	text	rust
src/search_service/providers/bocha.rs	true	true	false	6530	209	4b65ec45c3f3683d115d116ffa85e25d8637d24d86c9e3b8295a55b5d85094ee	text	rust
src/search_service/providers/cls.rs	true	true	false	5951	190	c9af3e93142dfe7b2c147108aa607f125e2ddd51bac31e5bcae5a7e1e0ac3a1d	text	rust
src/search_service/providers/cls_sign.rs	true	true	false	2923	92	a7ccde218a51183f66bf81f81401c9f67bdf7d68da55a70b2e782ffdb297e680	text	rust
src/search_service/providers/cninfo.rs	true	true	false	10220	315	ba54acaaa6151c06b22bdf2ae916fc63442faab28ced4a038142b1f899fa47ad	text	rust
src/search_service/providers/eastmoney.rs	true	true	false	7758	228	71d1c1381234fb5741d89ee3e23d201aeafafbfdcce1b9ff1093117b4c6de190	text	rust
src/search_service/providers/em_announcement.rs	true	true	false	12004	370	267105e9b89a879156ee5a439f6ad838fdbf7639afcb70d2f927650797fbca0b	text	rust
src/search_service/providers/em_industry_news.rs	true	true	false	11815	353	95419928f78e1783826c417092ebcb5183a4fbed1f59364ed205e43a9d45c731	text	rust
src/search_service/providers/gelonghui.rs	true	true	false	4578	149	07d53b104e87eb4d86a9e920c8de67fa93b9637a7e405958e16637d3002b2377	text	rust
src/search_service/providers/gov_policy.rs	true	true	false	7397	238	830fec9602572a47d31e0a7f083acb1ae80c407fd77e6be57279ce7f0709e3a7	text	rust
src/search_service/providers/jin10.rs	true	true	false	13738	410	6a5c381c0356b7da3f0abaf33da98ca9bd6b34ce51ff21c4d504b20400cfabf0	text	rust
src/search_service/providers/kcb_daily.rs	true	true	false	5874	167	c85bf1dee73f24a5b3ba4ad1ec813a190a829312ecb995e568b39cd5fdea2f75	text	rust
src/search_service/providers/mod.rs	true	true	false	1110	40	c45bb197ea3a6e6ebb6d34662a1b81828753ed5073763db56e7c3dcd388d1bdb	text	rust
src/search_service/providers/serpapi.rs	true	true	false	4365	142	c45cacfe639520b4081c3770161f2eafbe3aecccfd3c39dd6f9d113501b6f2bc	text	rust
src/search_service/providers/sina_flash.rs	true	true	false	7899	251	99598384d614e579d1dd50e949dc6a14641aecf32e40e21313d6bb6b54ee6ddb	text	rust
src/search_service/providers/sse_szse.rs	true	true	false	13267	400	77e0489c3dd8250bf89b6c7103b4136604e07f43d559a8d82c9a0153dc451cce	text	rust
src/search_service/providers/tavily.rs	true	true	false	5104	171	7e2343c2623740a5f49713a0b043c7d3cc718259c53550cc362720cf6093a3eb	text	rust
src/search_service/providers/wallstreetcn.rs	true	true	false	8332	248	56cdcec35ee1451a4eb2f393c81a529ae3a77455df24f21694072064c73ddcce	text	rust
src/search_service/providers/weibo_hot.rs	true	true	false	7606	234	ddf970ebdc2444755746522c1851380875567a5eefc429b6b78ffb9d69eea240	text	rust
src/search_service/providers/xueqiu.rs	true	true	false	10152	281	082a64be5a6db90bd740a5d946612ca1b20c728dab79354184ea8dfa8239cb59	text	rust
src/search_service/service.rs	true	true	false	72556	1900	35083357dfa4995e637017a9d66df1aca267a9ba5c273f8cf80af181aeae56ec	text	rust
src/search_service/types.rs	true	true	false	16766	561	71a5fb9109847b7c6eb6fad66e50a69d03795f514bc6e1aed29f7c36d9892250	text	rust
src/sharpe_calculator.rs	true	true	false	4163	136	f0b4abe0cf9df3491b6002ccfcf3dbed425fad9675f0cae7a3f4373f166b4cbe	text	rust
src/signal/market_event.rs	true	true	false	10874	301	16babc45e76fc454870e449f0f643f46a28f4a6c5ddc20afbfdc8dc04fbdfae1	text	rust
src/signal/mod.rs	true	true	false	774	13	78f650bd614974da1f2aaa3ac3eb5df6b87a2eb4c98b9182a7d39c7f44d47585	text	rust
src/signal/push_recorder.rs	true	true	false	3875	114	b901afbdb098631f228f41d9817659294204997438a82c24b0f3c89b4335d096	text	rust
src/strategy/boll_macd.rs	true	true	false	10577	314	67f2e77a81a0532af8ebb85a096cc1e84758e6718d6a3b9120bfe42ad6038ce0	text	rust
src/strategy/bollinger_zscore.rs	true	true	false	29448	772	d63e19e5f229a8a5a6a02cd05d5dd064fcef11e5fcccc51bc9dc295e21ad8d0a	text	rust
src/strategy/contrarian.rs	true	true	false	4688	142	92ea44418d9989ca0181929ae7880ae0d4d4b0fa1e2485bb2ef23ad624b4230f	text	rust
src/strategy/core.rs	true	true	false	64860	1887	dcec65f0a60f8173b83e2f9145c23faea13a90a8b75f60f4aea0d057edbeaa50	text	rust
src/strategy/lot.rs	true	true	false	3048	104	8477463933dad5b5ac1f4044c6fc662e1d6dae96f556e8bc58f948371acf8ac1	text	rust
src/strategy/mod.rs	true	true	false	8697	229	b32345fef82c3aa17dfb7ddb399f854d3869e5c2de0e96d252e31b1189fcf53a	text	rust
src/strategy/multi_factor.rs	true	true	false	9868	319	92d91fa8fa29cf657da6f60585e8feb9a2a26c65a1e6f71641dcecd8f0ba7158	text	rust
src/strategy/multi_timeframe.rs	true	true	false	10789	281	8cf090448da37d20bea8918d99f14c6444c15eda780eef65ce8e9f209929fe83	text	rust
src/strategy/rsi/common.rs	true	true	false	7201	209	fd0830dd1c7fc03427b4991f48df4632d9f7a85d60a32589d7dbd750d99c3b27	text	rust
src/strategy/rsi/mod.rs	true	true	false	1525	33	f75951ed4c1d51bfea1647bc065449fbfd33a6c6f4ba5cb799891a34aca9087a	text	rust
src/strategy/rsi/precision.rs	true	true	false	24910	656	2b536075c0d5862512a5c63bc4c5eaba87c2f0aea6d302640cad8bb61022a62a	text	rust
src/strategy/rsi/standard.rs	true	true	false	49920	1262	2aa83ddb75f286d3f09b124f78f8be3aafe34046000b5db1e23ce227a9fc711f	text	rust
src/strategy/v16_4/_helpers.rs	true	true	false	1445	36	d41625c040684b14bff0ac2402400e1ba3d8a47bfbae36b50294c53efe0da908	text	rust
src/strategy/v16_4/auction_anomaly.rs	true	true	false	1077	28	0440a437e61256ce0b5bf99458f8549906828e86fa77d684c34b26d6558fc325	text	rust
src/strategy/v16_4/breakout.rs	true	true	false	1056	28	ba3bd2e153f7b92562eb6ccaa094637795acea704e980f4f776b8aab2db0edbe	text	rust
src/strategy/v16_4/llm_select.rs	true	true	false	1333	30	8440cca18503d553f18601bb4fb05c4c2218e82de544b34930b262ab766d49ce	text	rust
src/strategy/v16_4/main_net_inflow.rs	true	true	false	1057	26	b9187bfad7ae842ec043dd615b53781595758021813a56e93ca8fa74c6f6de64	text	rust
src/strategy/v16_4/mod.rs	true	true	false	7305	192	deeb6cf8d4f1731e85bcc2b783ea8299ea74e7ce12570ca013d7c5cf4062864c	text	rust
src/strategy/v16_4/momentum.rs	true	true	false	1170	28	4146f667c0e331916dddb6e7dd5f313870d474067ca46e697ed4e55520c809d7	text	rust
src/strategy/v16_4/news_catalyst.rs	true	true	false	1390	32	3c1643d19b5c5da6607a11b0e2cf93fac432f3e9dee66ce6871e852fc25f1694	text	rust
src/strategy/v16_4/sector_leader.rs	true	true	false	1073	28	85cf22b5a4528a871b5bf9b5ed64d355a06327ccb03871bd65f48e3d93f326a3	text	rust
src/strategy/v16_4/volume_surge.rs	true	true	false	1011	28	5356f248fabfed8fa9ee80669268096f329d515c6970ff92141da6f1e4057d13	text	rust
src/trading/mod.rs	true	true	false	11522	327	f8d41ec0931bd07042f1a8cc3221f0b23c7411cf38c41da0f51ef06516899d3b	text	rust
src/trading/paper_engine.rs	true	true	false	12879	323	4c923e492550cf527ffec4ffc3c2d5324e95105bf40011423764d7ac7316c79f	text	rust
src/trading/paper_trade.rs	true	true	false	14731	433	8edd729438f6f96faea097bfb852fb394ffb01146d1fe833ed49f44378129fd3	text	rust
src/trading/risk_adapter.rs	true	true	false	11046	314	b0051a9b206c2a15c29328a04b982a0a7816d6db437ff3ebbcab6a05baeb2e9e	text	rust
src/traits.rs	true	true	false	3350	95	56aca9e2f455d453afbf2d65066ed2ad86694ce7428331ef3747f402c4368389	text	rust
src/trend_analyzer.rs	true	true	false	29644	881	ef61301c3d5791a9f1aca20d9c17ee1ae18e64007eb276c6571e77bae08c5438	text	rust
src/types.rs	true	true	false	1679	69	e15dce9580394bd2456b69ffe6c516c80a8966b9eecba172136d547a7731e30c	text	rust
src/util.rs	true	true	false	1814	45	3ca27e66afce1b13f97c3627752b9ef9ad2fdf4abad933ac58ce5bf79fd5f335	text	rust
tests/baostock_provider_test.rs	true	true	false	12527	323	3fd9bd6d0348e7b6f1b9c75a3be11df6c19ee560c671b8bd7b73bdea2553c20a	text	rust
tests/bom_kb_tests.rs	true	true	false	6703	224	be2ab3bef35600a16ed1f6614e80d8ac99e60fc4eae427638efbb8f2e00dd6eb	text	rust
tests/chain_exclusive.rs	true	true	false	727	18	53d20490f7107bb3ea8b992002177ab6eb034122633311eca2edbdcba25d7173	text	rust
tests/e2e_dedup.rs	true	true	false	2331	66	fc33c8f648446d70a99581bdfd19148db777923e94f9c103a2681b05d0dcb46d	text	rust
tests/e2e_prediction_verify.rs	true	true	false	7628	233	f7df8c59160e330a28ac939fb0810b616a53ce690b9eee9861d51293e6bce616	text	rust
tests/event_extractor_tests.rs	true	true	false	10503	301	3a91756cc1a50ed38676e7a2915384254e2241846728ecb98008da370f1e4e34	text	rust
tests/fallback_post_close_test.rs	true	true	false	1959	46	8dce977643b301a09e319e71862491f437b16d9e723b8567d3d365a762babf49	text	rust
tests/fallback_sina_test.rs	true	true	false	1619	39	f55d84ed18e51d27dfdfcbebafa42f5a6e776e17eb3101ba89971484d6371980	text	rust
tests/flash_filter.rs	true	true	false	6331	154	fd80dbd4abc64a17105c2569f3cb03e2c0fb6e59c768d893009db19948fd5b89	text	rust
tests/holding_summary_tests.rs	true	true	false	6203	213	c06498f4a0eb9648c11e7a2da37a658704618a8d0e6d8677b43019a5cd32afe4	text	rust
tests/launch_gate_tests.rs	true	true	false	3002	95	3986e72a921023fe6e5b5b0c47cbcc2b6c447ef5a6d605a2c6fd0319e6702518	text	rust
tests/market_event_tests.rs	true	true	false	8383	255	2af3935e7e0a892aad6d3eec12baa55056e08e0ead6892e0937668d56718109f	text	rust
tests/news_item_test.rs	true	true	false	1544	45	41a8bb0913a1c82c99d817a06fdca49c9b0412e1a8b9092af026ef207d2eec27	text	rust
tests/north_flow_option_tests.rs	true	true	false	2697	72	0a388818b55834a1458ff6081783dd2a7870ea03f3ccf59c96ccc11a067f6ef4	text	rust
tests/notification_channels_tests.rs	true	true	false	2997	88	d41f757c64bf3dd4905664f81e17697ad1b3be2d77cac481a73a32664fbb5dbd	text	rust
tests/opportunity_e2e_tests.rs	true	true	false	4586	122	fff608ea07053ae16fff5881c75e733cd2366d066ae1622b73ae0488944dda6b	text	rust
tests/position_tracker_tests.rs	true	true	false	11858	363	73bb033bb991a0e12bddfb8e9e0b63c0f694496def5b81bfe8e41c7daa5ce636	text	rust
tests/ranking.rs	true	true	false	6842	162	ca6cfe237284273bcd6b5864c788dbdbc77abe91487fbb4a07a09a8d9a0f1c6f	text	rust
tests/review_timeout_tests.rs	true	true	false	3218	85	8752c18908fce3dbcfe796d787c36b70a1573e68c4ee618542d3d4f2bc7e41a0	text	rust
tests/rule_filter_benchmark.rs	true	true	false	32875	791	c1842f627eba3e870c6c60bb27ae055abbc2edf04503d7560c07888736c1fc8e	text	rust
tests/score_tests.rs	true	true	false	6659	206	62a73a84f77e86eca5a932a6e4a0224d7ce190189ae58b3a603f20f17e553b54	text	rust
tests/sina_news_provider_test.rs	true	true	false	5102	122	2200d12406a3ac90c0b1aa1dbd5bbf2b46534aed499cc98b96f5d942718509b5	text	rust
tests/sina_provider_test.rs	true	true	false	2108	69	783fb5ce0ac3e0c44475f5b5875b42a2e1b340015e68ca3f5189fd93c64cae96	text	rust
tests/stock_code_map_test.rs	true	true	false	2406	80	f4d4ef7bd2b1b205b4f9034c1eeebec9d2bb92c8ccaebc4e97aa7d59cf4a5861	text	rust
tests/test_data_freshness_check.rs	true	true	false	5938	143	2dc2244df10cfec0f8e75b1cfb94abb7c11440a84019d32fc4e4a6cfc8342429	text	rust
tests/test_design_contradiction.rs	true	true	false	8371	204	a6617ed84b9c64393f95fb4cbda2b8980a728c8ca40f870e5e087d93d4bec64b	text	rust
tests/v11_three_sources.rs	true	true	false	4315	114	19e5c683e3aed2626e66308eba8d48add8cbee176f6105c54b2751729c03a701	text	rust
tests/v12_p0_3_halt.rs	true	true	false	4512	125	5cc270f349cc2f8baa270df1ea4686c591eab64ec628a692826fe78850e175b5	text	rust
tests/winrate_tests.rs	true	true	false	3224	98	62743df55a2d2c95b8a9e8dff5e3b3f29b49439ced9833d0ef8e157299f1edc5	text	rust
tools/EMQuantAPI_CPP_Mac/EMQuantAPI_CPP_Mac.pdf	true	false	false	1164172		7f09f0cc85e115bb19668bd9d31a3ffd35b86488dbc34ab30a0a92d9836700ce	binary	workspace-only-excluded:binary-asset
tools/EMQuantAPI_CPP_Mac/x64/EmQuantAPI/EmQuantAPI.h	true	false	false	27601	623	19f4f72debf502ccca9c4f7457053d1e537a0349f757f3919ad905d231c3f01a	text	workspace-only-excluded:text-support
tools/EMQuantAPI_CPP_Mac/x64/EmQuantAPITestExe/Makefile	true	false	false	433	20	64a6078c86ef15cd90366c239ff63597b29ca2dfae84c32d24a24db6b1e8a984	text	workspace-only-excluded:text-support
tools/EMQuantAPI_CPP_Mac/x64/EmQuantAPITestExe/main.cpp	true	false	false	54899	1693	ac8cad323c05ca936972e0b0ec1e3e6fdff178855918d3a40a73aaaf2aa4dfb7	text	workspace-only-excluded:text-support
tools/EMQuantAPI_CPP_Mac/x64/bin/ServerList.json.e	true	false	false	34540	1	eebd5628d2b81696c43368b048749741a3e14e7d7f1e691bb1c04f870de7527d	text	workspace-only-excluded:text-support
tools/EMQuantAPI_CPP_Mac/x64/bin/emquantapitest	true	false	false	192251		78b272f2af2942a54a6f585718587b70ee2e6193ce59c7efa59fed5ab57f97a3	binary	workspace-only-excluded:binary-asset
tools/EMQuantAPI_CPP_Mac/x64/bin/image/EMApp.ico	true	false	false	108567		11ff10a06508705c5057e14e983b78e9cd0ca10e9da991dbc0d48bd1740b6128	binary	workspace-only-excluded:binary-asset
tools/EMQuantAPI_CPP_Mac/x64/bin/image/Tips_error.png	true	false	false	3235		cbfe04ffee02e35affd414a05eaf85b07f3b77df28704ca6bfa5002ca65f50b2	binary	workspace-only-excluded:binary-asset
tools/EMQuantAPI_CPP_Mac/x64/bin/image/edit_bg.png	true	false	false	1120		a71bdb7ef6e25e19de19ddf2d16abf8278b5ffe8af18e78ea49002bf15a9e13d	binary	workspace-only-excluded:binary-asset
tools/EMQuantAPI_CPP_Mac/x64/bin/image/tab1_bg.png	true	false	false	130801		7ab41e5ef792e7f18457007f380f2029fe26c09822c8da479c9ba8d811ece171	binary	workspace-only-excluded:binary-asset
tools/EMQuantAPI_CPP_Mac/x64/bin/image/tab2_bg.png	true	false	false	139621		7da91954ac341b6264bb114c15efd54fe52b985e43249ae72fb86c20afc6c3c2	binary	workspace-only-excluded:binary-asset
tools/EMQuantAPI_CPP_Mac/x64/bin/image/tab3_bg.png	true	false	false	139805		88f0a3b91ee49c04b520df134c73b4ab3b903788ad04959572e0584200a4c248	binary	workspace-only-excluded:binary-asset
tools/EMQuantAPI_CPP_Mac/x64/bin/libEMQuantAPIx64.dylib	true	false	false	11531651		fe7112830943c91c981dd7b70911da88375061c6c55d191f3962fa15ed7645bc	binary	workspace-only-excluded:binary-asset
tools/EMQuantAPI_CPP_Mac/x64/bin/loginactivator_mac	true	false	false	6525342		8568096602e060b7f1e7bc22127592e08cd9819ab6a0d1573b8b9ea45e73eb9e	binary	workspace-only-excluded:binary-asset
tools/EMQuantAPI_CPP_Mac/指标手册V2.7.2.0.CHM	true	false	false	4913544		d6399119a7ac54892b0e5e28b74944c2406c16d96b6b7f19fbdd7538d1679ae5	binary	workspace-only-excluded:binary-asset
tools/compliance/check.sh	true	true	false	1568	57	a63eff8af10d415dc1079ff0127dd86d739ccf70b8339284688c645e49905129	text	shell
tools/compliance/fixtures/test_check_business_rules_dynamic.sh	true	false	false	6223	172	00ff265e0ff56437227153816b7197208dbe96d283872f7da88105e12ff85076	text	workspace-only-excluded:shell
tools/compliance/lib/check_business_rules.sh	true	true	false	5086	138	ff63ca833ac4972caf49ac6877355ccb3a556896cba5b1959c2a23e0872bb66b	text	shell
tools/compliance/lib/check_data_freshness.sh	true	true	false	2651	77	f573523015a22fa8a652d5a4ec6605972f585cbb9e22d37c37e160c83e7779fe	text	shell
tools/compliance/lib/check_design_contradiction.sh	true	true	false	3214	89	636c6b5c4343938b9f937dcd7c3deb112aca839ea6a11814a4f3778a4284efe3	text	shell
tools/compliance/lib/check_fake_impl.sh	true	true	false	1693	53	58d4254bf29805dab1775337e1373363b71aaa20cac62a474b2c30ad8b9e38c4	text	shell
tools/compliance/lib/check_no_silent_fallback_global.sh	true	false	false	3632	90	35ac5b8cdf74320738c4da07559996fe91112ded9497b7f19f4cf5088d9a5c64	text	workspace-only-excluded:shell
tools/compliance/lib/check_no_silent_fallback_push.sh	true	false	false	8976	213	8e1825e8b996cb17cbf678fc568387805041e50bb287e2f93f19a24ba94217ff	text	workspace-only-excluded:shell
tools/one_shot/_timeout_lib.sh	true	false	false	2234	54	fee25d1246de73396310b7369dcf3c14fe6e630f6b703c452d70bcd6f0bcb627	text	workspace-only-excluded:shell
tools/one_shot/backfill_daily.sh	true	true	false	2089	50	a02ac31b5bde016df8936492dc25b5a47061688ee4f3d852902b5eaa17abcfca	text	shell
tools/one_shot/backfill_predictions.sh	true	true	false	1294	27	1fb75e57d9e85a45b477562664e4e37f4716c4bfd01abd726ce1e39e280d1cf5	text	shell
tools/one_shot/check_dispatcher_health.sh	true	true	false	3192	88	429dc9cd47617ddc7ce30dd05cfb7a9b55a62fca771f1d41f070885145de2b05	text	shell
tools/one_shot/fixtures/test_g5a_baseline.sh	true	false	false	3655	113	a5b159cb903ea7c4592d3cd8e9e79220f1682bec2d91d12674011e1f69647891	text	workspace-only-excluded:shell
tools/one_shot/fixtures/test_timeout_lib.sh	true	false	false	2531	71	89a8ce3c99f73e48050d9d24addf11e7979edd7db34ec954b2c2fae420e20c59	text	workspace-only-excluded:shell
tools/one_shot/migrate_rollback_v10_p0_1.sh	true	false	false	3190	95	6acfe2a36188a366cc8620c5364fd7270c58b7a2824e24f7b23a289799d12ce8	text	workspace-only-excluded:shell
tools/one_shot/migrate_run_v10_p0_1.sh	true	false	false	4622	131	8a7e01bd06b6936f359947b7e1b8595880bbc0d385f8e9040b9607fe9adf20e7	text	workspace-only-excluded:shell
tools/one_shot/p0_loop_validation.sh	true	false	false	6154	137	56c4061b6dc767b8a43cb7531d7a77f31b4c3ecf7951ab71b44fe18768b786f8	text	workspace-only-excluded:shell
tools/one_shot/seed_chain_lhb.sh	true	true	false	2244	41	1642464d7bcd7982b98c6b4fcb13421256cb1accfaf22dc32b4e361c2e97c949	text	shell
tools/one_shot/seed_trades.sh	true	true	false	971	25	24fe161e1433c6a274462d79d84766f70cd03dc716581841e8cb293d953992bb	text	shell
tools/one_shot/verify_prediction.sh	true	false	false	6560	149	452c29df63a2e2007ad39861b0c0c92d2c7d4b3c39ca3625dfdb127ba18cfaf6	text	workspace-only-excluded:shell
tools/one_shot/winrate_review.sh	true	true	false	5099	146	c9ccf8bcd6f675ca80c82a41664f3e46dd4041032a47f7d93f53f77860db6430	text	shell
